rho_axis_coord,rho_axis_pc,rho_axis_pp,rho_axis_coord_healthy,n_cells,n_healthy,healthy_marker_correct,healthy_pc_pp_anticorr,healthy_splithalf_rho_mean
0.5689606907967063,0.38784290907633506,-0.45287797420837816,0.4121317376662569,69426,3750,7/8,-0.3060469969668976,0.7812535861798107
